"Year","Header","Source","Url"
2014,"Биткоин курс к рублю 2014. Аналитика","www.slovo.org/ru/?gr=bitkoin-kurs-k-rublyu-2014-52146","http://www.slovo.org/ru/?gr=bitkoin-kurs-k-rublyu-2014-52146"
2014,"13 крупнейших падений курса Биткоина","bits.media/news/13-krupneyshikh-padeniy-kursa...","https://bits.media/news/13-krupneyshikh-padeniy-kursa-bitkoina/"
2014,"График биткоина к доллару - coinspot.io","coinspot.io/charts","https://coinspot.io/charts/"
2014,"Динамика биткоина к доллару на 2018 анализ в цифрах","mining-bitcoin.ru","https://mining-bitcoin.ru/news/dinamika-bitcoina-k-dollaru"
2014,"Биткоин 2018 - tutdenegki.com","tutdenegki.com/bitkoin-2018","http://tutdenegki.com/bitkoin-2018"
2014,"Биткоин кошельки - выбор надежных и проверенных Bitcoin ...","mining-cryptocurrency.ru/bitcoin-koshelki","https://mining-cryptocurrency.ru/bitcoin-koshelki/"
2014,"Сколько будет стоить биткоин: прогноз на 2020 год","prostocoin.com/blog/bitcoin2020","https://prostocoin.com/blog/bitcoin2020"
2014,"Центробанк России (ЦБ РФ) может изменить отношение к Биткоин ...","bits.media/news/tsentrobank-rossii-tsb-rf-mozhet...","https://bits.media/news/tsentrobank-rossii-tsb-rf-mozhet-izmenit-otnoshenie-k-bitkoin-uzhe-cherez-nedelyu/"
2014,"Динамика курса биткоина за все время: История Bitcoin с 2008 ...","great-world.ru/istoriya-bitkoina-grafik-kursa","http://great-world.ru/istoriya-bitkoina-grafik-kursa/"
2014,"Курс биткоина к доллару онлайн | Графики криптовалют в ...","форум-трейдеров.рф/bitcoin-online.php","http://xn----dtbfdbwspgnceulm.xn--p1ai/bitcoin-online.php"
2014,"Сколько будет стоить биткоин: прогноз на 2020 год","prostocoin.com/blog/bitcoin2020","https://prostocoin.com/blog/bitcoin2020"
2014,"Как заработать биткоин(bitcoin).Все виды заработка: 2014","bitcoinvslatium.blogspot.com/2014","http://bitcoinvslatium.blogspot.com/2014/"
2014,"заработок биткоин 2014 - YouTube","www.youtube.com/watch?v=MD8CdYxiPQg","https://www.youtube.com/watch?v=MD8CdYxiPQg"
2014,"биткоин 2014 - YouTube","www.youtube.com/watch?v=7f5pzh4w2YI","https://www.youtube.com/watch?v=7f5pzh4w2YI"
2014,"13 крупнейших падений курса Биткоина","bits.media/news/13-krupneyshikh-padeniy-kursa...","https://bits.media/news/13-krupneyshikh-padeniy-kursa-bitkoina/"
2014,"Цена на биткоин 2018 году обвалится? | CryptoMORE.io","cryptomore.io/tsena-na-bitkoin-2018-bitkoin","http://cryptomore.io/tsena-na-bitkoin-2018-bitkoin/"
2014,"Как заработать Биткоины без вложений: Как открыть кошелек ...","inbitco.blogspot.com/2014/03/bitcoin-blockchaininfo.html","http://inbitco.blogspot.com/2014/03/bitcoin-blockchaininfo.html"
2014,"Список биткоин-кранов на портале Bitcoincloudmining.center","bitcoincloudmining.center/bitkoin-krany","https://bitcoincloudmining.center/bitkoin-krany"
2014,"Биткоин. Прогноз на 2018 - bitcointalk.org","bitcointalk.org/index.php?topic=2633283.0","https://bitcointalk.org/index.php?topic=2633283.0"
2014,"Новые онлайн биткоин казино 2017 - БиткоинКазино.РФ","cryptocoincasino.online","http://cryptocoincasino.online/"
2014,"Биткоин курс к рублю 2014. Аналитика","www.slovo.org/ru/?gr=bitkoin-kurs-k-rublyu-2014-52146","http://www.slovo.org/ru/?gr=bitkoin-kurs-k-rublyu-2014-52146"
2014,"Динамика курса биткоина с графиком - Курс биткоина к рублю и ...","coinspot.io/charts","https://coinspot.io/charts/"
2014,"13 крупнейших падений курса Биткоина","bits.media/news/13-krupneyshikh-padeniy-kursa...","https://bits.media/news/13-krupneyshikh-padeniy-kursa-bitkoina/"
2014,"Динамика курса биткоина за все время: История Bitcoin с 2008 ...","great-world.ru/istoriya-bitkoina-grafik-kursa","http://great-world.ru/istoriya-bitkoina-grafik-kursa/"
2014,"Сколько будет стоить биткоин: прогноз на 2020 год","prostocoin.com/blog/bitcoin2020","https://prostocoin.com/blog/bitcoin2020"
2014,"Биткоин 2018 - tutdenegki.com","tutdenegki.com/bitkoin-2018","http://tutdenegki.com/bitkoin-2018"
2014,"Курс биткоина к доллару онлайн | Графики криптовалют в ...","форум-трейдеров.рф/bitcoin-online...","https://xn----dtbfdbwspgnceulm.xn--p1ai/bitcoin-online.php"
2014,"Курс Bitcoin (BTC) к рублю, к доллару и биткойну - онлайн ...","coincost.net/currency/bitcoin","http://coincost.net/currency/bitcoin"
2014,"Bitcoin, BTC - Курс биткоина к доллару, гривне, рублю, евро","maanimo.com/cryptocurrency/bitcoin","https://maanimo.com/cryptocurrency/bitcoin"
2014,"exmo.me","exmo.me/ru/trade","https://exmo.me/ru/trade"
2015,"Что такое Bitcoin и криптовалюты?","bits.media/chto-takoe-bitcoin","https://bits.media/chto-takoe-bitcoin/"
2015,"График биткоина к доллару - coinspot.io","coinspot.io/charts","https://coinspot.io/charts/"
2015,"Биткоин впервые с 2015 года ... - rbc.ru","www.rbc.ru/technology_and_media/02/01/2018/5a4...","https://www.rbc.ru/technology_and_media/02/01/2018/5a4aaec89a7947293ac3a864"
2015,"Динамика курса биткоина за все время: История Bitcoin с 2008 ...","great-world.ru/istoriya-bitkoina-grafik-kursa","http://great-world.ru/istoriya-bitkoina-grafik-kursa/"
2015,"Курс Bitcoin | Биткоин в России","биткоининфо.рф/kurs-bitkoin","http://xn--90aoaaitbee7a2a.xn--p1ai/kurs-bitkoin"
2015,"График биткоина онлайн на Bitcoincloudmining.center ...","bitcoincloudmining.center/grafik-bitkoina","https://bitcoincloudmining.center/grafik-bitkoina"
2015,"Динамика биткоина к доллару на 2018 анализ в цифрах","mining-bitcoin.ru","https://mining-bitcoin.ru/news/dinamika-bitcoina-k-dollaru"
2015,"Биткоин дебит карта - bitcointalk.org","bitcointalk.org/index.php?topic=915417.0","https://bitcointalk.org/index.php?topic=915417.0"
2015,"Bitcoin, BTC - Курс биткоина к доллару, гривне, рублю, евро","maanimo.com/cryptocurrency/bitcoin","https://maanimo.com/cryptocurrency/bitcoin"
2015,"Что такое биткоин простыми словами - Суть биткоина.","coinspot.io/beginners/chto-ta","https://coinspot.io/beginners/chto-takoe-bitcoin/"
2015,"биткоин 2015 - YouTube","www.youtube.com/watch?v=wVEs23BgE2I","https://www.youtube.com/watch?v=wVEs23BgE2I"
2015,"как заработать 1 биткоин в день 2015 - YouTube","www.youtube.com/watch?v=HqJO0JZd2w4","https://www.youtube.com/watch?v=HqJO0JZd2w4"
2015,"Сколько будет стоить биткоин: прогноз на 2020 год","prostocoin.com/blog/bitcoin2020","https://prostocoin.com/blog/bitcoin2020"
2015,"Биткоин - как заработать?: 2015","bitcoin-kak-zarabotat.blogspot.com/2015","http://bitcoin-kak-zarabotat.blogspot.com/2015/"
2015,"Биткоин будет включен в список валют Microsoft Excel 2016","bits.media/news/bitkoin-budet-vklyuchen-v-spisok...","https://bits.media/news/bitkoin-budet-vklyuchen-v-spisok-valyut-microsoft-excel-2016/"
2015,"Как Заработать 1 Биткоин 2015","мебель-стиль.рф/как заработать...","http://xn----9sblbqqcb4ck1if.xn--p1ai/%D0%BA%D0%B0%D0%BA%20%D0%B7%D0%B0%D1%80%D0%B0%D0%B1%D0%BE%D1%82%D0%B0%D1%82%D1%8C%201%20%D0%B1%D0%B8%D1%82%D0%BA%D0%BE%D0%B8%D0%BD%202015"
2015,"Биткоин впервые с 2015 года стартовал с падения :: Технологии ...","www.rbc.ru/technology_and_media/02/01/2018/5a4...","https://www.rbc.ru/technology_and_media/02/01/2018/5a4aaec89a7947293ac3a864"
2015,"Новые онлайн биткоин казино 2017 - БиткоинКазино.РФ","cryptocoincasino.online","http://cryptocoincasino.online/"
2015,"Майнинг биткоинов и других криптовалют инструкция - скачать ...","coinspot.io/beginners/kak-dobyvayutsya-bitkojny","https://coinspot.io/beginners/kak-dobyvayutsya-bitkojny/"
2015,"Биткоин Купить Обмен на ... - bit-changer.net","bit-changer.net","https://bit-changer.net/"
2015,"Динамика курса биткоина за все время: История Bitcoin с 2008 ...","great-world.ru/istoriya-bitkoina-grafik-kursa","http://great-world.ru/istoriya-bitkoina-grafik-kursa/"
2015,"График биткоина к доллару - coinspot.io","coinspot.io/charts","https://coinspot.io/charts/"
2015,"Курс Bitcoin | Биткоин в России","биткоининфо.рф/kurs-bitkoin","http://xn--90aoaaitbee7a2a.xn--p1ai/kurs-bitkoin"
2015,"Что такое Bitcoin и криптовалюты?","bits.media/chto-takoe-bitcoin","https://bits.media/chto-takoe-bitcoin/"
2015,"Перспективы Биткоин кэш и прогноз на 2018 год | Bitflix","bitflix.ru","https://bitflix.ru/bitcoin-cash/"
2015,"«Биткоин-пузыри»: Краткая история – Bitcoin Review – Medium","medium.com/bitcoin-review/биткоин...","https://medium.com/bitcoin-review/%D0%B1%D0%B8%D1%82%D0%BA%D0%BE%D0%B8%D0%BD-%D0%BF%D1%83%D0%B7%D1%8B%D1%80%D0%B8-%D0%BA%D1%80%D0%B0%D1%82%D0%BA%D0%B0%D1%8F-%D0%B8%D1%81%D1%82%D0%BE%D1%80%D0%B8%D1%8F-a005336e70ab"
2015,"Курс Bitcoin | График курса | Биткоин в России","cryptorussia.ru/kurs-bitcoin","https://cryptorussia.ru/kurs-bitcoin"
2015,"Курс биткоина за все время от 2009 по 2017 год и интересные факты","www.credytoff.ru/kurs-bitkoina-za-vse-vremya","https://www.credytoff.ru/kurs-bitkoina-za-vse-vremya/"
2015,"exmo.me","exmo.me/ru/trade","https://exmo.me/ru/trade"
2015,"Что такое биткоин простыми словами - Суть биткоина.","coinspot.io/beginners/chto-ta","https://coinspot.io/beginners/chto-takoe-bitcoin/"
2016,"1 Биткоин (BTC) в Российских рублях (RUB)","pokur.su/btc/rub/1","https://pokur.su/btc/rub/1/"
2016,"Биткоин будет включен в список валют Microsoft Excel 2016","bits.media/news/bitkoin-budet-vklyuchen-v-spisok...","https://bits.media/news/bitkoin-budet-vklyuchen-v-spisok-valyut-microsoft-excel-2016/"
2016,"1 Биткоин (BTC) в Украинских гривнах (UAH)","pokur.su/btc/uah/1","https://pokur.su/btc/uah/1/"
2016,"Биткоин в Доллар США, Курс валют на сегодня BTC в USD ...","btc.ru.currencyrate.today/usd","http://btc.ru.currencyrate.today/usd"
2016,"Bitcoin, BTC - Курс биткоина к доллару, гривне, рублю, евро","maanimo.com/cryptocurrency/bitcoin","https://maanimo.com/cryptocurrency/bitcoin"
2016,"Динамика курса биткоина за все время: История Bitcoin с 2008 ...","great-world.ru/istoriya-bitkoina-grafik-kursa","http://great-world.ru/istoriya-bitkoina-grafik-kursa/"
2016,"International Reserve System","internationalreserve.finance/ru","https://internationalreserve.finance/ru/"
2016,"Биткоин FAQ - Bits.media - Русскоязычный ...","bits.media/faq","https://bits.media/faq/"
2016,"График биткоина к доллару - coinspot.io","coinspot.io/charts","https://coinspot.io/charts/"
2016,"Биткойн — Википедия","ru.wikipedia.org/wiki/Биткойн","https://ru.wikipedia.org/wiki/%D0%91%D0%B8%D1%82%D0%BA%D0%BE%D0%B9%D0%BD"
2016,"Лучшие биткоин краны-Топ 15 кранов 2016","clixportal.net/...bitkoin-kranyi-top-15-kranov-2016.html","http://clixportal.net/zarabotok-bitkoin-bez-vlozheniy/luchshie-bitkoin-kranyi-top-15-kranov-2016.html"
2016,"Биткоин будет включен в список валют Microsoft Excel 2016","bits.media/news/bitkoin-budet-vklyuchen-v-spisok...","https://bits.media/news/bitkoin-budet-vklyuchen-v-spisok-valyut-microsoft-excel-2016/"
2016,"Заработок Биткоин 2016 на Полном автомате . - YouTube","www.youtube.com/watch?v=Ja5Sfq8wM2U","https://www.youtube.com/watch?v=Ja5Sfq8wM2U"
2016,"Новые Биткоин-краны 2016 года - Xchange.cash","xchange.cash/news/Novye-Bitkoin-krany-2016-goda.html","https://xchange.cash/news/Novye-Bitkoin-krany-2016-goda.html"
2016,"Биткоин: перспективы 2016 года - Bits.media","bits.media/news/bitkoin-perspektivy-2016-goda","https://bits.media/news/bitkoin-perspektivy-2016-goda/"
2016,"Перспективы развития биткоина в 2016 году","24paybank.com/news/Perspektivy-razvitija...","https://24paybank.com/news/Perspektivy-razvitija-bitkoina-v-2016-godu.html"
2016,"Прогноз стоимости биткойна на 2016 год","bitnovosti.com/2015/11/12/bitcoin-price-2016","https://bitnovosti.com/2015/11/12/bitcoin-price-2016/"
2016,"Курс биткоина за все время от 2009 по 2017 год и интересные факты","www.credytoff.ru/kurs-bitkoina-za-vse-vremya","https://www.credytoff.ru/kurs-bitkoina-za-vse-vremya/"
2016,"Лучшие биткоин краны - Топ 10 кранов Bitcoin 2016","bitcoinpaw.com/bitcoin-krany","http://bitcoinpaw.com/bitcoin-krany/"
2016,"Биткойн — Википедия","ru.wikipedia.org/wiki/Биткойн","https://ru.wikipedia.org/wiki/%D0%91%D0%B8%D1%82%D0%BA%D0%BE%D0%B9%D0%BD"
2016,"1 Биткоин (BTC) в Российских рублях (RUB)","pokur.su/btc/rub/1","https://pokur.su/btc/rub/1/"
2016,"Биткоин будет включен в список валют Microsoft Excel 2016","bits.media/news/bitkoin-budet-vklyuchen-v-spisok...","https://bits.media/news/bitkoin-budet-vklyuchen-v-spisok-valyut-microsoft-excel-2016/"
2016,"1 Биткоин (BTC) в Украинских гривнах (UAH)","pokur.su/btc/uah/1","https://pokur.su/btc/uah/1/"
2016,"График биткоина к доллару - coinspot.io","coinspot.io/charts","https://coinspot.io/charts/"
2016,"биткоина/Bitcoin График курсов (BTC/USD) | CoinGecko","www.coingecko.com/ru/динамика_цен...","https://www.coingecko.com/ru/%D0%B4%D0%B8%D0%BD%D0%B0%D0%BC%D0%B8%D0%BA%D0%B0_%D1%86%D0%B5%D0%BD/%D0%B1%D0%B8%D1%82%D0%BA%D0%BE%D0%B8%D0%BD%D0%B0/usd"
2016,"2016 станет решающим годом для Биткоина в России","bits.media/news/2016-stanet-reshayushchim-godom...","https://bits.media/news/2016-stanet-reshayushchim-godom-dlya-bitkoina-v-rossii/"
2016,"Сколько сатошей в 1 биткоин - 24paybank.com","24paybank.com/faq/Skolko-satoshej-v-1-bitkoin.html","https://24paybank.com/faq/Skolko-satoshej-v-1-bitkoin.html"
2016,"Курс Bitcoin | Биткоин в России","биткоининфо.рф/kurs-bitkoin","http://xn--90aoaaitbee7a2a.xn--p1ai/kurs-bitkoin"
2016,"Bitcoin, BTC - Курс биткоина к доллару, гривне, рублю, евро","maanimo.com/cryptocurrency/bitcoin","https://maanimo.com/cryptocurrency/bitcoin"
2016,"Динамика курса биткоина за все время: История Bitcoin с 2008 ...","great-world.ru/istoriya-bitkoina-grafik-kursa","http://great-world.ru/istoriya-bitkoina-grafik-kursa/"
2017,"Где заработать биткоины – новые и лучшие биткоин-краны 2017","mixinvestor.com/gde-zarabotat-bitkoiny-novye-i...","https://mixinvestor.com/gde-zarabotat-bitkoiny-novye-i-luchshie-bitcoin-krani"
2017,"ТОП-5 лучших Биткоин кошельков в 2017 году","zarabotays.ru","http://zarabotays.ru/bitkoin/luchshie-bitkoin-koshelki-2017.html"
2017,"купить биткоин 2017 - YouTube","www.youtube.com/watch?v=xGcJfgcwCd0","https://www.youtube.com/watch?v=xGcJfgcwCd0"
2017,"Биткоин 2017 в сентябре хоронили каждый день","mining-bitcoin.ru","https://mining-bitcoin.ru/news/bitcoin-2017"
2017,"Курс биткоина график за все время: динамика с 2008 по 2017 год","coinnet.ru/obzory/grafik-kursa-bitkoina.html","https://coinnet.ru/obzory/grafik-kursa-bitkoina.html"
2017,"Курс биткоина за все время от 2009 по 2017 год и интересные факты","www.credytoff.ru/kurs-bitkoina-za-vse-vremya","https://www.credytoff.ru/kurs-bitkoina-za-vse-vremya/"
2017,"Bitcoin прогноз курса на сегодня 25 декабря 2017 года ...","bitcoin-zone.ru/...kursa-bitkoina-na-25-dekabrya-2017-goda","http://bitcoin-zone.ru/prognoz-kursa-bitkoina-na-25-dekabrya-2017-goda/"
2017,"К концу 2018 Биткоин будет стоить 50 тыс, а BCH - 20 тыс ...","bitexpert.io","https://bitexpert.io/news/k-kontsu-2018-bitkoin-budet-stoit-50-tys-a-bch-20-tys-bitkoin-kesh-zhdet-rost-v-10-raz/"
2017,"Сколько будет стоить биткоин к концу 2017 года? Ваш прогноз?","hyipstat.top/blog.php?id_n=1152","http://hyipstat.top/blog.php?id_n=1152"
2017,"Цена биткоин в 2018 году. Прогнозы экспертов | Bit.news","bit.news/interesnoe/tsena-bitkoin-v-2018-godu...","https://bit.news/interesnoe/tsena-bitkoin-v-2018-godu-prognozy-ekspertov"
2017,"Где заработать биткоины – новые и лучшие биткоин-краны 2017","mixinvestor.com/gde-zarabotat-bitkoiny-novye-i...","https://mixinvestor.com/gde-zarabotat-bitkoiny-novye-i-luchshie-bitcoin-krani"
2017,"Биткоин краны 2017 которые платят на кошелек","x-inside.ru","https://x-inside.ru/bitkoin-krany-2017-kotorye-platyat/"
2017,"ТОП-5 лучших Биткоин кошельков в 2017 году","zarabotays.ru","http://zarabotays.ru/bitkoin/luchshie-bitkoin-koshelki-2017.html"
2017,"Bitcoin прогноз курса на сегодня 25 декабря 2017 года ...","bitcoin-zone.ru/...kursa-bitkoina-na-25-dekabrya-2017-goda","http://bitcoin-zone.ru/prognoz-kursa-bitkoina-na-25-dekabrya-2017-goda/"
2017,"Прогноз цены Биткоина на 2017 год от 11 лидеров индустрии","coinspot.io/news/breaking-news/prognoz-ceny...","https://coinspot.io/news/breaking-news/prognoz-ceny-bitkoina-na-2017-god-ot-11-liderov-industrii/"
2017,"Биткоин сошел с ума в 2017 году: вот что произошло, когда ...","logincasino.com/article/bitkoin-soshel-s-uma-v...","https://logincasino.com/article/bitkoin-soshel-s-uma-v-2017-godu-vot-chto-proizoshlo-kogda-valyta-virosla-bolee-chem-na-1000-22033.html"
2017,"Биткоин прогноз на 2017 - YouTube","www.youtube.com/watch?v=F0ntj5aQJPY","https://www.youtube.com/watch?v=F0ntj5aQJPY"
2017,"Курс биткоина график за все время: динамика с 2008 по 2017 год","coinnet.ru/obzory/grafik-kursa-bitkoina.html","https://coinnet.ru/obzory/grafik-kursa-bitkoina.html"
2017,"Биткоин краны - заработок ... - X-INSIDE.ru","x-inside.ru/bitkoin-krany","https://x-inside.ru/bitkoin-krany/"
2017,"Bits.media - Русскоязычный информационный сайт о Биткоин и ...","bits.media","https://bits.media/"
2017,"График курса Bitcoin (Биткоин) за 2017 год | КУРСЫ КРИПТОВАЛЮТ","cryptorate.ru/grafik-kursa-nem-za-2017-god-2","https://cryptorate.ru/grafik-kursa-nem-za-2017-god-2/"
2017,"Динамика курса биткоина с графиком - Курс биткоина к рублю и ...","coinspot.io/charts","https://coinspot.io/charts/"
2017,"Bitcoin, BTC - Курс биткоина к доллару, гривне, рублю, евро","maanimo.com/cryptocurrency/bitcoin","https://maanimo.com/cryptocurrency/bitcoin"
2017,"Еще один прогноз: к концу 2018 года биткоин будет стоить $60 000","bits.media/news/eshche-odin-prognoz-k-kontsu...","https://bits.media/news/eshche-odin-prognoz-k-kontsu-2018-goda-bitkoin-budet-stoit-60-000/"
2017,"К концу 2018 Биткоин будет стоить 50 тыс, а BCH - 20 тыс ...","bitexpert.io","https://bitexpert.io/news/k-kontsu-2018-bitkoin-budet-stoit-50-tys-a-bch-20-tys-bitkoin-kesh-zhdet-rost-v-10-raz/"
2017,"Где заработать биткоины – новые и лучшие биткоин-краны 2017","mixinvestor.com/gde-zarabotat-bitkoiny-novye-i...","https://mixinvestor.com/gde-zarabotat-bitkoiny-novye-i-luchshie-bitcoin-krani"
2017,"1 Биткоин (BTC) в Российских рублях (RUB)","pokur.su/btc/rub/1","https://pokur.su/btc/rub/1/"
2017,"Биткоин в 2018 году: будет ли продолжаться прежний рост","mining-bitcoin.ru","https://mining-bitcoin.ru/news/bitcoin-v-2018"
2017,"Цена биткоин в 2018 году. Прогнозы экспертов | Bit.news","bit.news/interesnoe/tsena-bitkoin-v-2018-godu...","https://bit.news/interesnoe/tsena-bitkoin-v-2018-godu-prognozy-ekspertov"
2017,"Курс Bitcoin | График курса | Биткоин в России","cryptorussia.ru/kurs-bitcoin","https://cryptorussia.ru/kurs-bitcoin"
2018,"Биткоин 2018: Подготовьтесь к веселым горкам | BitExpert: все ...","bitexpert.io","https://bitexpert.io/news/bitkoin-2018-podgotovtes-k-veselym-gorkam/"
2018,"Еще один прогноз: к концу 2018 года биткоин будет стоить $60 000","bits.media/news/eshche-odin-prognoz-k-kontsu...","https://bits.media/news/eshche-odin-prognoz-k-kontsu-2018-goda-bitkoin-budet-stoit-60-000/"
2018,"К концу 2018 Биткоин будет стоить 50 тыс, а BCH - 20 тыс ...","bitexpert.io","https://bitexpert.io/news/k-kontsu-2018-bitkoin-budet-stoit-50-tys-a-bch-20-tys-bitkoin-kesh-zhdet-rost-v-10-raz/"
2018,"Биткоин 2018 - tutdenegki.com","tutdenegki.com/bitkoin-2018","http://tutdenegki.com/bitkoin-2018"
2018,"Биткоин к доллару / прогноз на 2018 биткоина онлайн - YouTube","www.youtube.com/watch?v=7MWL33cyn6M","https://www.youtube.com/watch?v=7MWL33cyn6M"
2018,"Биткоин в 2018 году: будет ли продолжаться прежний рост","mining-bitcoin.ru","https://mining-bitcoin.ru/news/bitcoin-v-2018"
2018,"Цена биткоин в 2018 году. Прогнозы экспертов | Bit.news","bit.news/interesnoe/tsena-bitkoin-v-2018-godu...","https://bit.news/interesnoe/tsena-bitkoin-v-2018-godu-prognozy-ekspertov"
2018,"биткоин краны 2018 - YouTube","www.youtube.com/watch?v=X7ZQexGNwK0","https://www.youtube.com/watch?v=X7ZQexGNwK0"
2018,"Что будет с Биткоин в 2018 году - Proinvest","proinvest.me","https://proinvest.me/bitcoin-chego-jdat-ot-kriptovalyuti-v-2018/"
2018,"Обзор лучших биткоин-кошельков 2018 - PrivatFinance","privatfinance.com/cryptocurrency/koshelki...","https://privatfinance.com/cryptocurrency/koshelki-kriptovalyut/bitkoin-koshelki.html"
2018,"Криптовалюта биткоин прогноз на 2018","биткоин-клуб.рф/kriptovalyuta...","https://xn----9sbb0aalcipi6bt.xn--p1ai/kriptovalyuta-bitkoin-prognoz-na-2018/"
2018,"Биткоин прогноз на март 2018 <f0><U+009F><U+0093><U+0088> Новости биткоин анализ <U+26A0> Рост ...","www.youtube.com/watch?v=XzkOqJ4mngs","https://www.youtube.com/watch?v=XzkOqJ4mngs"
2018,"Биткоин: прогноз на 2018 год | прогноз роста и падения","2018god.net/prognoz-bitkoina-na-2018-god","http://2018god.net/prognoz-bitkoina-na-2018-god/"
2018,"Биткоин. Прогноз на 2018 - bitcointalk.org","bitcointalk.org/index.php?topic=2633283.0","https://bitcointalk.org/index.php?topic=2633283.0"
2018,"Цена биткоин в 2018 году. Прогнозы экспертов | Bit.news","bit.news/interesnoe/tsena-bitkoin-v-2018-godu...","https://bit.news/interesnoe/tsena-bitkoin-v-2018-godu-prognozy-ekspertov"
2018,"Что будет с Биткоин в 2018 году - Proinvest","proinvest.me","https://proinvest.me/bitcoin-chego-jdat-ot-kriptovalyuti-v-2018/"
2018,"Еще один прогноз: к концу 2018 года биткоин будет стоить $60 000","bits.media/news/eshche-odin-prognoz-k-kontsu...","https://bits.media/news/eshche-odin-prognoz-k-kontsu-2018-goda-bitkoin-budet-stoit-60-000/"
2018,"БИТКОИН - БУДЕТ и 60 000 и 5 000, прогноз курса на 2018 ...","www.youtube.com/watch?v=zobYqjV1luA","https://www.youtube.com/watch?v=zobYqjV1luA"
2018,"Биткоин краны топ. Все краны криптовалют 2018. Список лучших ...","www.faucetlist.ru","http://www.faucetlist.ru/"
2018,"Биткоин кошельки - mining-cryptocurrency.ru","mining-cryptocurrency.ru/bitcoin-koshelki","https://mining-cryptocurrency.ru/bitcoin-koshelki/"
2018,"Еще один прогноз: к концу 2018 года биткоин будет стоить $60 000","bits.media/news/eshche-odin-prognoz-k-kontsu...","https://bits.media/news/eshche-odin-prognoz-k-kontsu-2018-goda-bitkoin-budet-stoit-60-000/"
2018,"К концу 2018 Биткоин будет стоить 50 тыс, а BCH - 20 тыс ...","bitexpert.io","https://bitexpert.io/news/k-kontsu-2018-bitkoin-budet-stoit-50-tys-a-bch-20-tys-bitkoin-kesh-zhdet-rost-v-10-raz/"
2018,"Биткоин 2018: Подготовьтесь к веселым горкам | BitExpert: все ...","bitexpert.io","https://bitexpert.io/news/bitkoin-2018-podgotovtes-k-veselym-gorkam/"
2018,"Том Ли: к середине 2018 года биткоин вырастет до $11,5 тысяч ...","forklog.com/tom-li-k-seredine-2018-goda-bitkoin...","https://forklog.com/tom-li-k-seredine-2018-goda-bitkoin-vyrastet-do-11-5-tysyach/"
2018,"Биткоин в 2018 году: будет ли продолжаться прежний рост","mining-bitcoin.ru","https://mining-bitcoin.ru/news/bitcoin-v-2018"
2018,"Биткоин 2018 - tutdenegki.com","tutdenegki.com/bitkoin-2018","http://tutdenegki.com/bitkoin-2018"
2018,"Цена биткоин в 2018 году. Прогнозы экспертов | Bit.news","bit.news/interesnoe/tsena-bitkoin-v-2018-godu...","https://bit.news/interesnoe/tsena-bitkoin-v-2018-godu-prognozy-ekspertov"
2018,"Биткоин к доллару / прогноз на 2018 биткоина онлайн - YouTube","www.youtube.com/watch?v=7MWL33cyn6M","https://www.youtube.com/watch?v=7MWL33cyn6M"
2018,"Курс биткоин bitcoin к доллару сша usd 19 февраля 2018 года ...","www.youtube.com/watch?v=bF5p7FKQZGY","https://www.youtube.com/watch?v=bF5p7FKQZGY"
2018,"1 Биткоин (BTC) в Российских рублях (RUB)","pokur.su/btc/rub/1","https://pokur.su/btc/rub/1/"
2019,"К 2019 году волатильность биткоина сравняется с показателями ...","bits.media/news/k-2019-godu-volatilnost-bitkoina...","https://bits.media/news/k-2019-godu-volatilnost-bitkoina-sravnyaetsya-s-pokazatelyami-fiatnykh-valyut/"
2019,"Биткоин в 2019 году — прогнозы курса и мнения о запрете ВТС","god2019.net/bitcoin-v-2019-godu","http://god2019.net/bitcoin-v-2019-godu"
2019,"Количество пользователей Биткойн к 2019 году составит 5 миллионов","bits.media/news/kolichestvo-polzovateley-bitkoyn...","https://bits.media/news/kolichestvo-polzovateley-bitkoyn-k-2019-godu-sostavit-5-millionov/"
2019,"Вырастет ли Биткоин в 2018-2019 годах? | Эфириум","1ethereum.ru/vyrastet-li-bitkoin-v-2018-2019-godu","https://1ethereum.ru/vyrastet-li-bitkoin-v-2018-2019-godu/"
2019,"К 2019 биткоин может подорожать в разы, - эксперт","www.stockworld.com.ua/ru/fintech/crypto/k-2019...","https://www.stockworld.com.ua/ru/fintech/crypto/k-2019-bitkoin-mozhiet-podorozhat-v-razy-ekspiert"
2019,"К 2019 году волатильность Bitcoin сравняется с пока&#1079","bitcointalk.org/index.php?topic=1744870.0","https://bitcointalk.org/index.php?topic=1744870.0"
2019,"биткоин 2019 - YouTube","www.youtube.com/watch?v=_xAFO8BY5w0","https://www.youtube.com/watch?v=_xAFO8BY5w0"
2019,"До скольки вырастет биткоин в 2018","биткоин-клуб.рф/do-skolki-vyrastet...","https://xn----9sbb0aalcipi6bt.xn--p1ai/do-skolki-vyrastet-bitkoin-v-2018/"
2019,"Прогноз курса Биткоина на 2018-2019 год от Saxo Bank","hyipstat.top/blog.php?id_n=1691","http://hyipstat.top/blog.php?id_n=1691"
2019,"биткоин 2019 - YouTube","www.youtube.com/watch?v=TsfJpmb4Zx8","https://www.youtube.com/watch?v=TsfJpmb4Zx8"
2019,"Курс биткоина прогноз на 2018, 2019, 2020 и 2021 годы","apecon.ru/kurs-bitkoina-prognoz-2018-2019-2020...","https://apecon.ru/kurs-bitkoina-prognoz-2018-2019-2020-2021-bitcoin-segodnya"
2019,"Биткоин в 2019 году — прогнозы курса и мнения о запрете ВТС","god2019.net/bitcoin-v-2019-godu","http://god2019.net/bitcoin-v-2019-godu"
2019,"биткоин 2019 - YouTube","www.youtube.com/watch?v=_xAFO8BY5w0","https://www.youtube.com/watch?v=_xAFO8BY5w0"
2019,"Saxo Bank сделал устрашающий прогноз для биткоина на 2019 год","bits.media/news/saxo-bank-sdelal-ustrashayushchi...","https://bits.media/news/saxo-bank-sdelal-ustrashayushchiy-prognoz-dlya-bitkoina-na-2019-god/"
2019,"биткоин 2019 - YouTube","www.youtube.com/watch?v=TsfJpmb4Zx8","https://www.youtube.com/watch?v=TsfJpmb4Zx8"
2019,"Вырастет ли Биткоин в 2018-2019 годах? | Эфириум","1ethereum.ru/vyrastet-li-bitkoin-v-2018-2019-godu","https://1ethereum.ru/vyrastet-li-bitkoin-v-2018-2019-godu/"
2019,"Биткоин 2019 - обсуждаем, как заработать на криптовалюте!","forexaccount.ru/novie-voprosi/bitkoin-2019-11233.html","http://forexaccount.ru/novie-voprosi/bitkoin-2019-11233.html"
2019,"Прогноз курса Биткоина на 2018-2019 год от Saxo Bank","hyipstat.top/blog.php?id_n=1691","http://hyipstat.top/blog.php?id_n=1691"
2019,"Прогноз курса Биткоина (BTC) от Bitfinex на 2019 год","bitkurser.ru/bitcoin/bitfinex/na-sleduyushij-god.php","http://bitkurser.ru/bitcoin/bitfinex/na-sleduyushij-god.php"
2019,"Прогноз курса Bitcoin Gold на 2018, 2019, 2020 и 2021 годы","apecon.ru/bitcoin-gold-kurs-prognoz-btg","https://apecon.ru/bitcoin-gold-kurs-prognoz-btg"
2019,"К 2019 году волатильность биткоина сравняется с показателями ...","bits.media/news/k-2019-godu-volatilnost-bitkoina...","https://bits.media/news/k-2019-godu-volatilnost-bitkoina-sravnyaetsya-s-pokazatelyami-fiatnykh-valyut/"
2019,"К 2019 биткоин может подорожать в разы, - эксперт","www.stockworld.com.ua/ru/fintech/crypto/k-2019...","https://www.stockworld.com.ua/ru/fintech/crypto/k-2019-bitkoin-mozhiet-podorozhat-v-razy-ekspiert"
2019,"К 2019 году волатильность Bitcoin сравняется с пока&#1079","bitcointalk.org/index.php?topic=1744870.0","https://bitcointalk.org/index.php?topic=1744870.0"
2019,"Вырастет ли Биткоин в 2018-2019 годах? | Эфириум","1ethereum.ru/vyrastet-li-bitkoin-v-2018-2019-godu","https://1ethereum.ru/vyrastet-li-bitkoin-v-2018-2019-godu/"
2019,"Биткоин в 2019 году — прогнозы курса и мнения о запрете ВТС","god2019.net/bitcoin-v-2019-godu","http://god2019.net/bitcoin-v-2019-godu"
2019,"Прогноз курса Биткоина (BTC) на 2019 год","bitkurser.ru/bitcoin/prognoz/na-sleduyushij-god.php","http://bitkurser.ru/bitcoin/prognoz/na-sleduyushij-god.php"
2019,"К 2019 году биткоин ... - miramarkets.ru","miramarkets.ru/news/all/2018/01/19/news_1449.html","https://miramarkets.ru/news/all/2018/01/19/news_1449.html"
2019,"Прогноз курса Биткоина на 2018-2019 год от Saxo Bank","hyipstat.top/blog.php?id_n=1691","http://hyipstat.top/blog.php?id_n=1691"
2019,"Saxo Bank сделал устрашающий прогноз для биткоина на 2019 год","bits.media/news/saxo-bank-sdelal-ustrashayushchi...","https://bits.media/news/saxo-bank-sdelal-ustrashayushchiy-prognoz-dlya-bitkoina-na-2019-god/"
2019,"Bitcoin цены на март 2018, март 2019, марта 2020 и март 2021 ...","golos.io/ru--bitkoin/@coguar/bitcoin-ceny-na...","https://golos.io/ru--bitkoin/@coguar/bitcoin-ceny-na-mart-2018-mart-2019-marta-2020-i-mart-2021-i-pochemu"
2020,"Биткоин к 2020 году. Перспективы майнинга и курса ...","altcoin.info/news/bitkoin_k_2020_godu...","https://altcoin.info/news/bitkoin_k_2020_godu_perspektivy_majninga_i_kursa_kriptovaljuty-523.html"
2020,"Биткоин к 2020 году. Перспективы майнинга и курса ...","happycoin.club","https://happycoin.club/bitkoin-k-2020-godu-perspektivyi-mayninga-i-kursa-kriptovalyutyi/"
2020,"Биткойн к 2020 году | Bitcoinrush","bitcoinrush.md/биткойн-к-2020-году","https://bitcoinrush.md/%d0%b1%d0%b8%d1%82%d0%ba%d0%be%d0%b9%d0%bd-%d0%ba-2020-%d0%b3%d0%be%d0%b4%d1%83/"
2020,"Сколько будет стоить биткоин: прогноз на 2020 год","prostocoin.com/blog/bitcoin2020","https://prostocoin.com/blog/bitcoin2020"
2020,"BITCOIN. Прогнозы на 2020 год. - Bitcoin - Bitcoin Forum","forum.bits.media/index.php?/topic/2741-bitcoin...","https://forum.bits.media/index.php?/topic/2741-bitcoin-%D0%BF%D1%80%D0%BE%D0%B3%D0%BD%D0%BE%D0%B7%D1%8B-%D0%BD%D0%B0-2020-%D0%B3%D0%BE%D0%B4/"
2020,"Биткоин будет стоить $1 млн к концу 2020 года | Bit.news","bit.news/analitika/bitkoin-budet-stoit-1-mln-k...","https://bit.news/analitika/bitkoin-budet-stoit-1-mln-k-kontsu-2020-goda"
2020,"Биткоин будет стоить $1 млн к концу 2020 года","bitcointalk.org/index.php?topic=2662850.0","https://bitcointalk.org/index.php?topic=2662850.0"
2020,"Биткоин к 2020 году. Перспективы майнинга и курса криптовалюты","internetua.com/bitkoin-k-2020-godu--perspektivi-maininga...","http://internetua.com/bitkoin-k-2020-godu--perspektivi-maininga-i-kursa-kriptovaluati"
2020,"Биткоин к 2020 году. Перспективы майнинга и курса ...","bitalk.org","http://bitalk.org/threads/12650/"
2020,"Джон Макафи по-прежнему ждет миллиона за биткоин","bits.media/news/dzhon-makafi-po-prezhnemu-zhdet...","https://bits.media/news/dzhon-makafi-po-prezhnemu-zhdet-milliona-za-bitkoin/"
2020,"Сколько будет стоить биткоин: прогноз на 2020 год","prostocoin.com/blog/bitcoin2020","https://prostocoin.com/blog/bitcoin2020"
2020,"Биткоин к 2020 году. Перспективы майнинга и курса ...","altcoin.info/news/bitkoin_k_2020_godu...","https://altcoin.info/news/bitkoin_k_2020_godu_perspektivy_majninga_i_kursa_kriptovaljuty-523.html"
2020,"Биткоин: прогнозы курса на 2017, 2018-2020 года в интервью ...","www.credytoff.ru/bitkoin-prognoz-kursa-na-2018...","https://www.credytoff.ru/bitkoin-prognoz-kursa-na-2018-otkrovennoe-intervyu-s-analitikami/"
2020,"Биткоин 1 млн.$ в 2020 г - bitcointalk.org","bitcointalk.org/index.php?topic=2880610.0","https://bitcointalk.org/index.php?topic=2880610.0"
2020,"BITCOIN. Прогнозы на 2020 год. - Bitcoin - Bitcoin Forum","forum.bits.media/index.php?/topic/2741-bitcoin...","https://forum.bits.media/index.php?/topic/2741-bitcoin-%D0%BF%D1%80%D0%BE%D0%B3%D0%BD%D0%BE%D0%B7%D1%8B-%D0%BD%D0%B0-2020-%D0%B3%D0%BE%D0%B4/"
2020,"Биткоин к 2020 году. Перспективы майнинга и курса ...","happycoin.club","https://happycoin.club/bitkoin-k-2020-godu-perspektivyi-mayninga-i-kursa-kriptovalyutyi/"
2020,"Биткоин будет стоить $1 млн к концу 2020 года | Bit.news","bit.news/analitika/bitkoin-budet-stoit-1-mln-k...","https://bit.news/analitika/bitkoin-budet-stoit-1-mln-k-kontsu-2020-goda"
2020,"Биткоин будет стоить $1 млн к концу 2020 года","bitcointalk.org/index.php?topic=2662850.0","https://bitcointalk.org/index.php?topic=2662850.0"
2020,"Сколько будет стоить биткоин: прогноз на 2020 год","coinfo.news/vse-novosti-o-bitcoin/...prognoz-na-2020-god","http://coinfo.news/vse-novosti-o-bitcoin/skolko-budet-stoit-bitkoin-prognoz-na-2020-god/"
2020,"Прогноз биткоин на 2020 год. Аналитика","www.slovo.org/ru/?gr=prognoz-bitkoin-na-2020-god...","https://www.slovo.org/ru/?gr=prognoz-bitkoin-na-2020-god-93861"
2020,"Биткоин к 2020 году. Перспективы майнинга и курса ...","altcoin.info/news/bitkoin_k_2020_godu...","https://altcoin.info/news/bitkoin_k_2020_godu_perspektivy_majninga_i_kursa_kriptovaljuty-523.html"
2020,"Биткоин к 2020 году. Перспективы майнинга и курса ...","happycoin.club","https://happycoin.club/bitkoin-k-2020-godu-perspektivyi-mayninga-i-kursa-kriptovalyutyi/"
2020,"Сколько будет стоить биткоин: прогноз на 2020 год","prostocoin.com/blog/bitcoin2020","https://prostocoin.com/blog/bitcoin2020"
2020,"Биткойн к 2020 году | Bitcoinrush","bitcoinrush.md/биткойн-к-2020-году","https://bitcoinrush.md/%d0%b1%d0%b8%d1%82%d0%ba%d0%be%d0%b9%d0%bd-%d0%ba-2020-%d0%b3%d0%be%d0%b4%d1%83/"
2020,"К 2020 году биткоин может потребить всю мировую ...","realist.online/news/k-2020-godu-bitkoin-mozhet...","https://realist.online/news/k-2020-godu-bitkoin-mozhet-potrebit-vsyu-mirovuyu-elektroenergiyu"
2020,"BITCOIN. Прогнозы на 2020 год. - Bitcoin - Bitcoin Forum","forum.bits.media/index.php?/topic/2741-bitcoin...","https://forum.bits.media/index.php?/topic/2741-bitcoin-%D0%BF%D1%80%D0%BE%D0%B3%D0%BD%D0%BE%D0%B7%D1%8B-%D0%BD%D0%B0-2020-%D0%B3%D0%BE%D0%B4/"
2020,"Биткоин будет стоить $1 млн к концу 2020 года | Bit.news","bit.news/analitika/bitkoin-budet-stoit-1-mln-k...","https://bit.news/analitika/bitkoin-budet-stoit-1-mln-k-kontsu-2020-goda"
2020,"Биткоин будет стоить $1 млн к концу 2020 года","bitcointalk.org/index.php?topic=2662850.0","https://bitcointalk.org/index.php?topic=2662850.0"
2020,"Джон Макафи по-прежнему ждет миллиона за биткоин","bits.media/news/dzhon-makafi-po-prezhnemu-zhdet...","https://bits.media/news/dzhon-makafi-po-prezhnemu-zhdet-milliona-za-bitkoin/"
2020,"Курс биткоина может достичь $250,000 к 2020 году - Новости","ttrcoin.com","https://ttrcoin.com/threads/kurs-bitkoina-mozhet-dostich-250-000-k-2020-godu.58/"
2021,"Биткоин будет стоить $100.000 к 2021 - Bitjournal","bitjournal.media/09-08-2017/akademik_iz_garvarda...","https://bitjournal.media/09-08-2017/akademik_iz_garvarda_zayavil_chto_bitkoin_yavlyaetsya_pervoj_czifrovoj_valyutoj_sleduyushej_zakonu_mura/"
2021,"100 000 долларов за биткоин к 2021 году прогнозирует ...","altcoin.info/opinions/100_000_dollarov_za...","https://altcoin.info/opinions/100_000_dollarov_za_bitkoin_k_2021_godu_prognoziruet_garvardskij_uchenyj_denis_porto-270.html"
2021,"100 000 долларов за биткоин к 2021 году прогноз ученого из ...","happycoin.club","https://happycoin.club/100-000-dollarov-za-bitkoin-k-2021-godu-prognoz-uchenogo-iz-garvarda/"
2021,"Прогноз: к 2021 году биткоин достигнет 100 тыс. долларов. prm ...","www.youtube.com/watch?v=3bnso9dabLQ","https://www.youtube.com/watch?v=3bnso9dabLQ"
2021,"Профессор Гарварда: цена биткоина достигнет $100 000 к 2021 году","c-r-y-p-t-o.ru/...bitkoina-dostignet-100-000-k-2021-gody","http://c-r-y-p-t-o.ru/professor-garvarda-cena-bitkoina-dostignet-100-000-k-2021-gody/"
2021,"Биткоин к 2021 году может стоить до 100 тысяч долларов ...","vk-smi.ru/economy/bitkoin-k-2021-godu-mozhet...","https://vk-smi.ru/economy/bitkoin-k-2021-godu-mozhet-stoit-do-100-tysyach-dollarov/"
2021,"До 100 тысяч долларов будет стоить биткоин к 2021 году ...","kvedomosti.com","http://kvedomosti.com/1195840-do-100-tysyach-dollarov-budet-stoit-bitkoin-k-2021-godu.html"
2021,"Профессор Гарварда: цена биткоина достигнет $100 000 к 2021 году","bits.media/news/professor-garvarda-tsena...","https://bits.media/news/professor-garvarda-tsena-bitkoina-dostignet-100-000-k-2021-godu/"
2021,"Академик Гарварда: цена биткоина может достигнуть $100 000 к ...","forklog.com/akademik-garvarda-tsena-bitkoina...","https://forklog.com/akademik-garvarda-tsena-bitkoina-mozhet-dostignut-100-000-k-2021-godu/"
2021,"Гарвардский Академик: к 2021 стоимость биткоина может достичь ...","golos.io/ru--kriptovalyuty/@ituber/garvardskii...","https://golos.io/ru--kriptovalyuty/@ituber/garvardskii-akademik-k-2021-stoimost-bitkoina-mozhet-dostich-usd100000"
2021,"Курс биткоина прогноз на 2018, 2019, 2020 и 2021 годы","apecon.ru/kurs-bitkoina-prognoz-2018-2019-2020...","https://apecon.ru/kurs-bitkoina-prognoz-2018-2019-2020-2021-bitcoin-segodnya"
2021,"Биткоин будет стоить $100.000 к 2021 - Bitjournal","bitjournal.media/09-08-2017/akademik_iz_garvarda...","https://bitjournal.media/09-08-2017/akademik_iz_garvarda_zayavil_chto_bitkoin_yavlyaetsya_pervoj_czifrovoj_valyutoj_sleduyushej_zakonu_mura/"
2021,"Прогноз курса Bitcoin Gold на 2018, 2019, 2020 и 2021 годы","apecon.ru/bitcoin-gold-kurs-prognoz-btg","https://apecon.ru/bitcoin-gold-kurs-prognoz-btg"
2021,"Прогноз: к 2021 году биткоин достигнет 100 тыс. долларов. prm ...","www.youtube.com/watch?v=3bnso9dabLQ","https://www.youtube.com/watch?v=3bnso9dabLQ"
2021,"100 000 долларов за биткоин к 2021 году прогноз ученого из ...","happycoin.club","https://happycoin.club/100-000-dollarov-za-bitkoin-k-2021-godu-prognoz-uchenogo-iz-garvarda/"
2021,"Что ждет BITCOIN в 2021 году. ШОК!!! - YouTube","www.youtube.com/watch?v=z7UGJPSaD3E","https://www.youtube.com/watch?v=z7UGJPSaD3E"
2021,"В 2021 году Bitcoin может стоить $100 тысяч - СМИ | УНИАН","economics.unian.net/finance/2081414-v-2021-godu...","https://economics.unian.net/finance/2081414-v-2021-godu-bitcoin-mojet-stoit-100-tyisyach-smi.html"
2021,"Сколько будет стоить биткоин: прогноз на 2020 год","prostocoin.com/blog/bitcoin2020","https://prostocoin.com/blog/bitcoin2020"
2021,"Bitcoin цены на март 2018, март 2019, марта 2020 и март 2021 ...","golos.io/ru--bitkoin/@coguar/bitcoin-ceny-na...","https://golos.io/ru--bitkoin/@coguar/bitcoin-ceny-na-mart-2018-mart-2019-marta-2020-i-mart-2021-i-pochemu"
2021,"Профессор Гарварда: цена биткоина достигнет $100 000 к 2021 году","bits.media/news/professor-garvarda-tsena...","https://bits.media/news/professor-garvarda-tsena-bitkoina-dostignet-100-000-k-2021-godu/"
2021,"Биткоин будет стоить $100.000 к 2021 - Bitjournal","bitjournal.media/09-08-2017/akademik_iz_garvarda...","https://bitjournal.media/09-08-2017/akademik_iz_garvarda_zayavil_chto_bitkoin_yavlyaetsya_pervoj_czifrovoj_valyutoj_sleduyushej_zakonu_mura/"
2021,"Профессор Гарварда: цена биткоина достигнет $100 000 к 2021 году","bits.media/news/professor-garvarda-tsena...","https://bits.media/news/professor-garvarda-tsena-bitkoina-dostignet-100-000-k-2021-godu/"
2021,"Прогноз: к 2021 году биткоин достигнет 100 тыс. долларов. prm ...","www.youtube.com/watch?v=3bnso9dabLQ","https://www.youtube.com/watch?v=3bnso9dabLQ"
2021,"100 000 долларов за биткоин к 2021 году прогнозирует ...","altcoin.info/opinions/100_000_dollarov_za...","https://altcoin.info/opinions/100_000_dollarov_za_bitkoin_k_2021_godu_prognoziruet_garvardskij_uchenyj_denis_porto-270.html"
2021,"100 000 долларов за биткоин к 2021 году прогноз ученого из ...","happycoin.club","https://happycoin.club/100-000-dollarov-za-bitkoin-k-2021-godu-prognoz-uchenogo-iz-garvarda/"
2021,"К 2021 году цена биткоина может достигнуть $100 000 ...","hyser.com.ua","https://hyser.com.ua/ru/business_and_finance/226813-k-2021-godu-tsena-bitkoina-mozhet-dostignut-100-000-akademik-garvarda"
2021,"Академик Гарварда: цена биткоина может достигнуть $100 000 к ...","forklog.com/akademik-garvarda-tsena-bitkoina...","https://forklog.com/akademik-garvarda-tsena-bitkoina-mozhet-dostignut-100-000-k-2021-godu/"
2021,"Академик Гарварда: цена биткоина может достигнуть $100 000 к ...","golos.io/bitcoin/@diaminer/akademik-garvarda...","https://golos.io/bitcoin/@diaminer/akademik-garvarda-cena-bitkoina-mozhet-dostignut-usd100-000-k-2021-godu"
2021,"Гарвардский Академик: к 2021 ... - golos.io","golos.io/ru--kriptovalyuty/@ituber/garvardskii...","https://golos.io/ru--kriptovalyuty/@ituber/garvardskii-akademik-k-2021-stoimost-bitkoina-mozhet-dostich-usd100000"
2021,"Профессор Гарварда: цена биткоина достигнет $100 000 к 2021 году","c-r-y-p-t-o.ru/...bitkoina-dostignet-100-000-k-2021-gody","http://c-r-y-p-t-o.ru/professor-garvarda-cena-bitkoina-dostignet-100-000-k-2021-gody/"
2022,"Том Ли: к 2022 году биткоин достигнет отметки в $125 тысяч","forklog.com/tom-li-k-2022-godu-bitkoin-dostignet...","https://forklog.com/tom-li-k-2022-godu-bitkoin-dostignet-otmetki-v-125-tysyach/"
2022,"Том Ли: к 2022 году биткоин достигнет отметки в $12","bitcointalk.org/index.php?topic=2785933.0","https://bitcointalk.org/index.php?topic=2785933.0"
2022,"К 2022 году биткоин ... - kapital.kz","kapital.kz","https://kapital.kz/world/66223/k-2022-godu-bitkoin-dostignet-otmetki-v-125-tysyach.html"
2022,"$300 000 за биткоин: к 2022 году ... - The Bell","thebell.io/300-000-za-bitkoin-k-2022-godu...","https://thebell.io/300-000-za-bitkoin-k-2022-godu-majning-kriptovalyuty-stanet-nevozmozhnym/"
2022,"Citigroup: к 2022 году майнинг биткоинов будет рентабельным ...","forklog.com/citigroup-k-2022-godu-majning...","https://forklog.com/citigroup-k-2022-godu-majning-bitkoinov-budet-rentabelnym-tolko-pri-tsene-v-300-000/"
2022,"К 2022 году биткоин достигнет $125 тысяч — аналитик с Уолл ...","minfin.com.ua/2018/01/21/31977899","https://minfin.com.ua/2018/01/21/31977899/"
2022,"Стратег с Уолл-стрит: в 2018 году биткоин будет стоить 6 000 ...","bits.media/news/strateg-s-uoll-strit-v-2018-godu...","https://bits.media/news/strateg-s-uoll-strit-v-2018-godu-bitkoin-budet-stoit-6-000-dollarov/"
2022,"Сколько будет стоить биткоин: прогноз на 2020 год","coinfo.news/vse-novosti-o-bitcoin/skolko-budet-stoit...","http://coinfo.news/vse-novosti-o-bitcoin/skolko-budet-stoit-bitkoin-prognoz-na-2020-god/"
2022,"Сколько будет стоить биткоин: прогноз на 2020 год","prostocoin.com/blog/bitcoin2020","https://prostocoin.com/blog/bitcoin2020"
2022,"Прогноз биткоина до 2020 года. Какой будет цена BTC/USD в ...","bitcoin-zone.ru/prognoz-bitkoina-do-2020","http://bitcoin-zone.ru/prognoz-bitkoina-do-2020/"
2022,"Том Ли: к 2022 году биткоин достигнет отметки в $125 тысяч","forklog.com/tom-li-k-2022-godu-bitkoin-dostignet...","https://forklog.com/tom-li-k-2022-godu-bitkoin-dostignet-otmetki-v-125-tysyach/"
2022,"Сколько будет стоить биткоин: прогноз на 2020 год","prostocoin.com/blog/bitcoin2020","https://prostocoin.com/blog/bitcoin2020"
2022,"Том Ли: в 2022 году биткоин будет стоить 125 тысяч долларов ...","cryptos.tv/tom-li-v-2022-godu-bitkoin-budet...","https://cryptos.tv/tom-li-v-2022-godu-bitkoin-budet-stoit-125-tysyach-dollarov/"
2022,"Прогноз курса Bitcoin Gold на 2018, 2019, 2020 и 2021 годы","apecon.ru/bitcoin-gold-kurs-prognoz-btg","https://apecon.ru/bitcoin-gold-kurs-prognoz-btg"
2022,"Bitcoin Cash - Прогноз курса Биткоин Кеш на 2018, 2019, 2020 ...","apecon.ru/bitcoin-cash-prognoz-bch-bitkoin-kesh-kurs","https://apecon.ru/bitcoin-cash-prognoz-bch-bitkoin-kesh-kurs"
2022,"Сколько будет стоить биткоин: прогноз на 2020 год","coinfo.news/vse-novosti-o-bitcoin/skolko-budet-stoit...","http://coinfo.news/vse-novosti-o-bitcoin/skolko-budet-stoit-bitkoin-prognoz-na-2020-god/"
2022,"Биткоин прогноз на 2018 год - tutdenegki.com","tutdenegki.com/bitkoin-prognoz-na-2018-god","http://tutdenegki.com/bitkoin-prognoz-na-2018-god"
2022,"Том Ли: в 2022 году биткоин будет стоить 125 тысяч долларов ...","newsland.com/user/4298071078/content/tom-li-v...","https://newsland.com/user/4298071078/content/tom-li-v-2022-godu-bitkoin-budet-stoit-125-tysiach-dollarov/6172700"
2022,"Citigroup: к 2022 году майнинг биткоинов будет рентабельным ...","forklog.com/citigroup-k-2022-godu-majning...","https://forklog.com/citigroup-k-2022-godu-majning-bitkoinov-budet-rentabelnym-tolko-pri-tsene-v-300-000/"
2022,"Криптодайджест 19.01.2018: 25 тысяч долларов за 1 биткоин от ...","www.allcryptonews.com/kriptodajdzhest-19-01-2018...","https://www.allcryptonews.com/kriptodajdzhest-19-01-2018-25-tysyach-dollarov-za-1-bitkoin-ot-toma-li-protiv-115-ti-tysyach-dollarov-ot-trejsa-mejera-chej-prognoz-realnee/"
2022,"Том Ли: к 2022 году биткоин достигнет отметки в $12","bitcointalk.org/index.php?topic=2785933.0","https://bitcointalk.org/index.php?topic=2785933.0"
2022,"Том Ли: к 2022 году биткоин достигнет отметки в $125 тысяч","forklog.com/tom-li-k-2022-godu-bitkoin-dostignet...","https://forklog.com/tom-li-k-2022-godu-bitkoin-dostignet-otmetki-v-125-tysyach/"
2022,"К 2022 году биткоин ... - kapital.kz","kapital.kz","https://kapital.kz/world/66223/k-2022-godu-bitkoin-dostignet-otmetki-v-125-tysyach.html"
2022,"Том Ли: к 2022 году биткоин достигнет отметки в $125 тысяч","bitcoin-site.ru","http://bitcoin-site.ru/news/tom-li-k-2022-gody-bitkoin-dostignet-otmetki-v-125-tysiach.html"
2022,"К 2022 году биткоин достигнет $125 тысяч — аналитик с Уолл ...","minfin.com.ua/2018/01/21/31977899","https://minfin.com.ua/2018/01/21/31977899/"
2022,"Том Ли: в 2022 году биткоин будет стоить 125 тысяч долларов ...","cryptos.tv/tom-li-v-2022-godu-bitkoin-budet...","https://cryptos.tv/tom-li-v-2022-godu-bitkoin-budet-stoit-125-tysyach-dollarov/"
2022,"$300 000 за биткоин: к 2022 году ... - The Bell","thebell.io/300-000-za-bitkoin-k-2022-godu...","https://thebell.io/300-000-za-bitkoin-k-2022-godu-majning-kriptovalyuty-stanet-nevozmozhnym/"
2022,"Citigroup: к 2022 году майнинг биткоинов будет рентабельным ...","forklog.com/citigroup-k-2022-godu-majning...","https://forklog.com/citigroup-k-2022-godu-majning-bitkoinov-budet-rentabelnym-tolko-pri-tsene-v-300-000/"
2022,"Том Ли: в 2022 году биткоин будет стоить 125 тысяч долларов ...","newsland.com/user/4298071078/content/tom-li-v...","https://newsland.com/user/4298071078/content/tom-li-v-2022-godu-bitkoin-budet-stoit-125-tysiach-dollarov/6172700"
2022,"Сколько будет стоить биткоин: прогноз на 2020 год","prostocoin.com/blog/bitcoin2020","https://prostocoin.com/blog/bitcoin2020"
2023,"Криптовалютное регулирование в Германии может появиться к ...","secretdrop.ru","http://secretdrop.ru/2018/01/30/kriptovalyutnoe-regulirovanie-v-germanii-mozhet-poyavitsya-k-2023-godu/"
2023,"Джон Макафи всё еще уверен, что биткоин будет стоить $1 млн к ...","profitmaker.today/crypto/3593-dzhon-makafi-vse...","https://profitmaker.today/crypto/3593-dzhon-makafi-vse-esche-uveren-chto-bitkoin-budet-stoit-1-mln-k-koncu-2020-goda.html"
2023,"К 2023 году будет ... - bitjournal.media","bitjournal.media/30-01-2018/k-2023-godu-budet...","https://bitjournal.media/30-01-2018/k-2023-godu-budet-razrabotana-nadezhnaya-sistema-upravleniya-kriptovalyutami/"
2023,"Биткоин к 2020 году. Перспективы майнинга и курса ...","happycoin.club","https://happycoin.club/bitkoin-k-2020-godu-perspektivyi-mayninga-i-kursa-kriptovalyutyi/"
2023,"Биткоин к доллару / прогноз на 2018 биткоина онлайн - YouTube","www.youtube.com/watch?v=7MWL33cyn6M","https://www.youtube.com/watch?v=7MWL33cyn6M"
2023,"Биткоин к 2025 году уничтожит цивилизацию? - YouTube","www.youtube.com/watch?v=arfCQt1OBhQ","https://www.youtube.com/watch?v=arfCQt1OBhQ"
2023,"Биткоин к 2020 году. Перспективы майнинга и курса ...","altcoin.info/news/bitkoin_k_2020_godu...","https://altcoin.info/news/bitkoin_k_2020_godu_perspektivy_majninga_i_kursa_kriptovaljuty-523.html"
2023,"События в мире криптовалют за неделю с 10 по 16 апреля 2017","bits.media/news/sobytiya-v-mire-kriptovalyut-za...","https://bits.media/news/sobytiya-v-mire-kriptovalyut-za-nedelyu-s-10-po-16-aprelya-2017/"
2023,"Второй срок Трампа, смерть Ким Чен Ына и уход Путина: прогноз ...","www.forumdaily.com","http://www.forumdaily.com/vtoroj-srok-trampa-smert-kim-chen-yna-i-uxod-putina-2018-god-po-versii-bloomberg/"
2023,"К концу 2018 Биткоин будет стоить 50 тыс, а BCH - 20 тыс ...","bitexpert.io","https://bitexpert.io/news/k-kontsu-2018-bitkoin-budet-stoit-50-tys-a-bch-20-tys-bitkoin-kesh-zhdet-rost-v-10-raz/"
2023,"Сколько будет стоить биткоин: прогноз на 2020 год","prostocoin.com/blog/bitcoin2020","https://prostocoin.com/blog/bitcoin2020"
2023,"Биткоин Прогноз на 01 марта 2018 г. - YouTube","www.youtube.com/watch?v=FRdOsY00OE4","https://www.youtube.com/watch?v=FRdOsY00OE4"
2023,"""Биткоин фрактал. 19700$ в 2023 ... - TradingView","ru.tradingview.com/chart/BTCUSD/brfkcDa3-bitkoin...","https://ru.tradingview.com/chart/BTCUSD/brfkcDa3-bitkoin-fraktal-19700-v-2023-godu/"
2023,"Биткоин. Прогноз на 2018 - bitcointalk.org","bitcointalk.org/index.php?topic=2633283.0","https://bitcointalk.org/index.php?topic=2633283.0"
2023,"Биткоин прогноз 2018 - YouTube","www.youtube.com/watch?v=2R2zs19GiFo","https://www.youtube.com/watch?v=2R2zs19GiFo"
2023,"Перспективы Биткоин кэш и прогноз на 2018 год | Bitflix","bitflix.ru","https://bitflix.ru/bitcoin-cash/"
2023,"Новости: Биткоин $7200 в Зимбабве | Тиньков и криптовалюта ...","pull.video/video/92612-novosti-bitkoin-7200-v...","https://pull.video/video/92612-novosti-bitkoin-7200-v-zimbabve-tinkov-i-kriptovalyuta-finansovaja-gramotnost-2017-2023.html"
2023,"BTC/USD - Биткойн Bitcoin прогноз цены / график цены на 21.02 ...","ruclip.com/video/UCH1Z9WUvVU/btc-usd...","https://ruclip.com/video/UCH1Z9WUvVU/btc-usd-%D0%B1%D0%B8%D1%82%D0%BA%D0%BE%D0%B9%D0%BD-bitcoin-%D0%BF%D1%80%D0%BE%D0%B3%D0%BD%D0%BE%D0%B7-%D1%86%D0%B5%D0%BD%D1%8B-%D0%B3%D1%80%D0%B0%D1%84%D0%B8%D0%BA-%D1%86%D0%B5%D0%BD%D1%8B-%D0%BD%D0%B0-21-02-2018-21-%D1%84%D0%B5%D0%B2%D1%80%D0%B0%D0%BB%D1%8F-2018-%D0%B3%D0%BE%D0%B4%D0%B0.html"
2023,"Обмен Биткоин на Сбербанк - 60cek.com","60cek.com/obmen-bitcoin-na-sberbank.html","https://60cek.com/obmen-bitcoin-na-sberbank.html"
2023,"Новости о Биткоин и криптовалютах","bits.media/news","https://bits.media/news/"
2023,"К 2023 году будет ... - bitjournal.media","bitjournal.media/30-01-2018/k-2023-godu-budet...","https://bitjournal.media/30-01-2018/k-2023-godu-budet-razrabotana-nadezhnaya-sistema-upravleniya-kriptovalyutami/"
2023,"Криптовалютное регулирование в Германии может появиться к ...","secretdrop.ru","http://secretdrop.ru/2018/01/30/kriptovalyutnoe-regulirovanie-v-germanii-mozhet-poyavitsya-k-2023-godu/"
2023,"Джон Макафи всё еще уверен, что биткоин будет стоить $1 млн к ...","profitmaker.today/crypto/3593-dzhon-makafi-vse...","https://profitmaker.today/crypto/3593-dzhon-makafi-vse-esche-uveren-chto-bitkoin-budet-stoit-1-mln-k-koncu-2020-goda.html"
2023,"Биткоин к доллару / прогноз на 2018 биткоина онлайн - YouTube","www.youtube.com/watch?v=7MWL33cyn6M","https://www.youtube.com/watch?v=7MWL33cyn6M"
2023,"События в мире криптовалют за неделю с 10 по 16 апреля 2017","bits.media/news/sobytiya-v-mire-kriptovalyut-za...","https://bits.media/news/sobytiya-v-mire-kriptovalyut-za-nedelyu-s-10-po-16-aprelya-2017/"
2023,"Второй срок Трампа, смерть Ким Чен Ына и уход Путина: прогноз ...","www.forumdaily.com","http://www.forumdaily.com/vtoroj-srok-trampa-smert-kim-chen-yna-i-uxod-putina-2018-god-po-versii-bloomberg/"
2023,"Глобальный мировой кризис грядет через 10 лет :: Биткоин","utro.ru/life/2017/12/18/1347556.shtml","https://utro.ru/life/2017/12/18/1347556.shtml"
2023,"Deutsche Bank: необходимый уровень регулирования криптовалют ...","altcoin.info/news/deutsche_bank_neobhodimyj...","https://altcoin.info/news/deutsche_bank_neobhodimyj_uroven_regulirovanija_kriptovaljut_mozhet_pojavitsja_k_2023_godu-2082.html"
2023,"В России началась торговля фьючерсами на биткоин | Дайджест ...","ru.insider.pro/digest/2018-01-30/fyuchersi...","https://ru.insider.pro/digest/2018-01-30/fyuchersi-bitkoin-experty-koreya-youtube-es-tramp-blackstone-nafta-jpmorgan-facebook/"
2023,"Дубай поместит в блокчейн весь реестр объектов недвижимости","bits.media/news/dubay-pomestit-v-blokcheyn-ves...","https://bits.media/news/dubay-pomestit-v-blokcheyn-ves-reestr-obektov-nedvizhimosti/"
2024,"Динамика биткоин: к 2024 ... - mining-bitcoin.ru","mining-bitcoin.ru","https://mining-bitcoin.ru/news/dinamika-bitcoin"
2024,"Мнение: к 2024 году число пользователей биткоина достигнет ...","bits.media/news/mnenie-k-2024-godu-chislo...","https://bits.media/news/mnenie-k-2024-godu-chislo-polzovateley-bitkoina-dostignet-200-millionov/"
2024,"Мнение: к 2024 гoдy число пользователей Bitcoin достиг&#1","bitcointalk.org/index.php?topic=2566008.0","https://bitcointalk.org/index.php?topic=2566008.0"
2024,"К 2024 году будет насчитываться 200 миллионов Биткоин-владельцев","bitcoin-novosti.ru/kolichestvo-polzovatelej...","https://bitcoin-novosti.ru/kolichestvo-polzovatelej-bitcoin-v-2024-godu-budet-200-millionov/"
2024,"К 2024 году количество биткоин-пользователей увеличится до ...","www.rarib.ag","https://www.rarib.ag/news/4350/37585.html"
2024,"Мнение: к 2024 году число пользователей биткоина достигнет ...","ourshopclothing.com/news/mnenie-k-2024-gody-chislo-polz...","http://ourshopclothing.com/news/mnenie-k-2024-gody-chislo-polzovatelei-bitkoina-dostignet-200-millionov.html"
2024,"К 2024 году в мире будет насчитываться 200 миллионов Биткоин ...","satoshinews.net","http://satoshinews.net/"
2024,"К 2024 году число пользователей bitcoin достигнет 200 ...","bitnewshub.com/2017/12/11/к-2024-году...","https://bitnewshub.com/2017/12/11/%d0%ba-2024-%d0%b3%d0%be%d0%b4%d1%83-%d1%87%d0%b8%d1%81%d0%bb%d0%be-%d0%bf%d0%be%d0%bb%d1%8c%d0%b7%d0%be%d0%b2%d0%b0%d1%82%d0%b5%d0%bb%d0%b5%d0%b9-bitcoin-%d0%b4%d0%be%d1%81%d1%82%d0%b8%d0%b3%d0%bd/"
2024,"Курс Биткоина за год, за все время, график за всю историю","busines-expert.com/kurs-bitkoina-za-god-za-vse-vremya...","http://busines-expert.com/kurs-bitkoina-za-god-za-vse-vremya-grafik-za-vsyu-istoriyu-dinamika-kursa-bitkoina-k-dollaru/"
2024,"Биткоин к 2020 году. Перспективы майнинга и курса ...","happycoin.club","https://happycoin.club/bitkoin-k-2020-godu-perspektivyi-mayninga-i-kursa-kriptovalyutyi/"
2024,"Мнение: к 2024 году число пользователей биткоина достигнет ...","bits.media/news/mnenie-k-2024-godu-chislo...","https://bits.media/news/mnenie-k-2024-godu-chislo-polzovateley-bitkoina-dostignet-200-millionov/"
2024,"Динамика биткоин: к 2024 ... - mining-bitcoin.ru","mining-bitcoin.ru","https://mining-bitcoin.ru/news/dinamika-bitcoin"
2024,"К 2024 году будет насчитываться 200 миллионов Биткоин-владельцев","bitcoin-novosti.ru/kolichestvo-polzovatelej...","https://bitcoin-novosti.ru/kolichestvo-polzovatelej-bitcoin-v-2024-godu-budet-200-millionov/"
2024,"100 000 $ за Биткоин в 2024 году? | GOLOS.io Блоги","golos.io/.../100-000-usd-za-bitkoin-v-2024-godu","https://golos.io/ru--kriptovalyuta/@siayr/100-000-usd-za-bitkoin-v-2024-godu"
2024,"Мнение: к 2024 году число пользователей биткоина достигнет ...","ourshopclothing.com/news/mnenie-k-2024-gody-chislo-polz...","http://ourshopclothing.com/news/mnenie-k-2024-gody-chislo-polzovatelei-bitkoina-dostignet-200-millionov.html"
2024,"Биткоин","satoshinews.net","http://satoshinews.net/"
2024,"Мнение: к 2024 гoдy число пользователей Bitcoin достиг&#1","bitcointalk.org/index.php?topic=2566008.0","https://bitcointalk.org/index.php?topic=2566008.0"
2024,"Биткоин к 2020 году. Перспективы майнинга и курса ...","altcoin.info/news/bitkoin_k_2020_godu...","https://altcoin.info/news/bitkoin_k_2020_godu_perspektivy_majninga_i_kursa_kriptovaljuty-523.html"
2024,"Как будут работать фьючерсы на Биткоин | Биткоин","satoshinews.net","http://satoshinews.net/news/kak-bydyt-rabotat-fuchersy-na-bitkoin.html"
2024,"Добыто 80% от общего количества биткоинов","bits.media/news/dobyto-80-ot-obshchego-kolichest...","https://bits.media/news/dobyto-80-ot-obshchego-kolichestva-bitkoinov/"
2024,"Мнение: к 2024 году число пользователей биткоина достигнет ...","bits.media/news/mnenie-k-2024-godu-chislo...","https://bits.media/news/mnenie-k-2024-godu-chislo-polzovateley-bitkoina-dostignet-200-millionov/"
2024,"Динамика биткоин: к 2024 ... - mining-bitcoin.ru","mining-bitcoin.ru","https://mining-bitcoin.ru/news/dinamika-bitcoin"
2024,"К 2024 году будет насчитываться 200 миллионов Биткоин-владельцев","bitcoin-novosti.ru/kolichestvo-polzovatelej...","https://bitcoin-novosti.ru/kolichestvo-polzovatelej-bitcoin-v-2024-godu-budet-200-millionov/"
2024,"К 2024 году количество биткоин-пользователей увеличится до ...","www.rarib.ag","https://www.rarib.ag/news/4350/37585.html"
2024,"К 2024 году в мире будет насчитываться 200 миллионов Биткоин ...","satoshinews.net","http://satoshinews.net/"
2024,"Мнение: к 2024 году число пользователей биткоина достигнет ...","ourshopclothing.com/news/mnenie-k-2024-gody-chislo-polz...","http://ourshopclothing.com/news/mnenie-k-2024-gody-chislo-polzovatelei-bitkoina-dostignet-200-millionov.html"
2024,"Мнение: к 2024 гoдy число пользователей Bitcoin достиг&#1","bitcointalk.org/index.php?topic=2566008.0","https://bitcointalk.org/index.php?topic=2566008.0"
2024,"К 2024 году число пользователей bitcoin достигнет 200 ...","bitnewshub.com/2017/12/11/к-2024-году...","https://bitnewshub.com/2017/12/11/%d0%ba-2024-%d0%b3%d0%be%d0%b4%d1%83-%d1%87%d0%b8%d1%81%d0%bb%d0%be-%d0%bf%d0%be%d0%bb%d1%8c%d0%b7%d0%be%d0%b2%d0%b0%d1%82%d0%b5%d0%bb%d0%b5%d0%b9-bitcoin-%d0%b4%d0%be%d1%81%d1%82%d0%b8%d0%b3%d0%bd/"
2024,"Биткоин к 2020 году. Перспективы майнинга и курса ...","altcoin.info/news/bitkoin_k_2020_godu...","https://altcoin.info/news/bitkoin_k_2020_godu_perspektivy_majninga_i_kursa_kriptovaljuty-523.html"
2024,"Курс Биткоина за год, за все время, график за всю историю","busines-expert.com/kurs-bitkoina-za-god-za-vse-vremya...","http://busines-expert.com/kurs-bitkoina-za-god-za-vse-vremya-grafik-za-vsyu-istoriyu-dinamika-kursa-bitkoina-k-dollaru/"
